location,region
"Albany, New York Metropolitan Area",US
"Ann Arbor, Michigan, United States",US
"Ashland, Oregon, United States",US
"Atlanta Metropolitan Are, United States",US
Atlanta Metropolitan Area,US
"Atlanta Metropolitan Area, United States",US
"Atlanta, Georgia, United States",US
"Austin, Texas , United States",US
"Austin, Texas Metropolitan Area",US
"Austin, Texas, United States",US
"Bellevue, Washington, United States",US
"Bend, Oregon, United States",US
"Birmingham, Alabama, United States",US
"Birmingham, Michigan, United States",US
"Blacksburg, Virginia, United States",US
"Bloomington, Indiana, United States",US
"Boca Raton, Florida, United States",US
"Boise, Idaho, United States",US
"Boston, Massachusetts, United States",US
"Bozeman, Montana, United States",US
"Bradenton, Florida, United States",US
"Brooklyn, New York, United States",US
"Calabasas, California, United States",US
"Cambridge, Massachusetts, United States",US
"Canton, Ohio, United States",US
"Carrollton, Texas, United States",US
"Chapel Hill, North Carolina, United States",US
"Charleston, South Carolina Metropolitan Area",US
"Charlotte, North Carolina, United States",US
"Cheshire, Connecticut, United States",US
"Chicago, Illinois, United States",US
"Cleveland, Ohio, United States",US
"Colorado Springs, Colorado, United States",US
"Columbia, Missouri, United States",US
"Columbus, Ohio Metropolitan Area , United States",US
Dallas-Fort Worth Metroplex,US
"Dallas-Fort Worth Metroplex, United States",US
"Dallas, Texas, United States",US
Denver Metropolitan Area,US
"Denver, Colorado, United States",US
"Detroit, Michigan, United States",US
"Draper, Utah, United States",US
"Duluth, Minnesota, United States",US
"Durham, New Hampshire, United States",US
"El Segundo, California, United States",US
"Elk Grove, California, United States",US
"Encinitas,, California, United States",US
"Fleming Island, Florida, United States",US
"Fort Wayne, Indiana, United States",US
"Framingham, Massachusetts, United States",US
"Fredericksburg, Virginia, United States",US
"Frisco, Texas, United States",US
"Glencoe, Illinois, United States",US
Gold Coast,US
"Golden, Colorado, United States",US
"Grand Rapids, Michigan, United States",US
"Greater Birmingham, Alabama Area",US
Greater Boston,US
"Greater Boston , United States",US
"Greater Boston, United States",US
"Greater Calgary Metropolitan Area , United States",US
Greater Chicago Area,US
"Greater Chicago Area , United States",US
"Greater Chicago Area, United States",US
"Greater Fayetteville, AR Area",US
Greater Hartford,US
"Greater Houston, United States",US
"Greater Milwaukee , United States",US
Greater New Orleans Region,US
Greater Orlando,US
Greater Philadelphia,US
"Greater Phoenix Area, United States",US
Greater Pittsburgh Region,US
Greater Seattle Area,US
"Greater Seattle Area, United States",US
Greater St. Louis,US
"Greater St. Louis, United States",US
Greater Tampa Bay Area,US
"Greater Tampa Bay Area, United States",US
"Greenville-Spartanburg-Anderson, South Carolina Area, United States",US
"Hastings-On-Hudson, New York, United States",US
"Havre de Grace, Maryland, United States",US
"Heathsville, Virginia, United States",US
"Helsinki, Uusimaa, Finland",US
"Henderson, Nevada, United States",US
"Henniker,  New Hampshire, United States",US
"Honolulu, Hawaii, United States",US
"Indianapolis, Indiana, United States",US
"Jackson, Michigan, United States",US
"Knoxville Metropolitan Area , United States",US
"Knoxville Metropolitan Area, United States",US
"Laguna Beach, California, United States",US
"Las Vegas Metropolitan Area , United States",US
"Las Vegas Metropolitan Area, United States",US
"Las Vegas, Nevada, United States",US
Little Rock Metropolitan Area,US
Los Angeles Metropolitan Area,US
"Los Angeles Metropolitan Area , United States",US
"Los Angeles Metropolitan Area, United States",US
"Los Angeles, California, United States",US
"Louisville Metropolitan Area, United States",US
"Lynchburg, Virginia, United States",US
"Menlo Park, California, United States",US
"Menomonie, Wisconsin, United States",US
"Miami Beach, Florida, United States",US
Miami-Fort Lauderdale Area,US
"Miami, Florida, United States",US
"Miami, Miami, United States",US
"Minneapolis, Minnesota, United States",US
"Nashville Metropolitan Area, United States",US
"Nashville, Tennessee, United States",US
New York City Metropolitan Area,US
"New York City Metropolitan Area , United States",US
"New York City Metropolitan Area, United States",US
"New York, New York, United States",US
"New York,, New York, United States",US
"Newport Beach, California, United States",US
"North Andover, Massachusetts, United States",US
"North Palm Beach, Florida, United States",US
"North Reading, Massachusetts, United States",US
"Norwalk, Connecticut, United States",US
"Novi, Michigan, United States",US
"Oakland, California, United States",US
"Orinda, California, United States",US
"Orlando, Florida, United States",US
"Palatine, Illinois, United States",US
"Palm Springs, California, United States",US
"Palo Alto, California, United States",US
"Paradise Valley, Arizona, United States",US
"Philadelphia, Pennsylvania, United States",US
"Phoenix, Arizona, United States",US
"Pittsburgh, Pennsylvania, United States",US
"Portland, Oregon Metropolitan Are, Oregon, United States",US
"Portland, Oregon Metropolitan Area",US
"Portland, Oregon, United States",US
Raleigh-Durham-Chapel Hill Area,US
"Raleigh-Durham-Chapel Hill Area , United States",US
"Raleigh-Durham-Chapel Hill Area, United States",US
"Raleigh, North Carolina, United States",US
"Reno, Nevada, United States",US
"Richland, Washington, United States",US
"Richmond, Virginia, United States",US
"Sacramento, California, United States",US
"San Antonio, Texas Metropolitan Area, United States",US
"San Antonio, Texas, United States",US
"San Diego, California, United States",US
"San Francisco , California, United States",US
San Francisco Bay Area,US
"San Francisco Bay Area, United States",US
"San Francisco, California, United States",US
"San Jose, California, United States",US
"San Luis Obispo, California, United States",US
"San Mateo, California, United States",US
"Santa Barbara, California, United States",US
"Santa Monica, California, United States",US
"Sarasota, Florida, United States",US
"Saratoga Springs, Utah, United States",US
"Scottsdale, Arizona, United States",US
"Seattle, Washington, United States",US
"Sheridan, Wyoming, United States",US
"Simpsonville, South Carolina, United States",US
"Spring, Texas, United States",US
"State College, Pennsylvania, United States",US
"Suffern, New York, United States",US
"Syracuse, New York, United States",US
"Tampa, Florida, United States",US
"Tulsa Metropolitan Area, United States",US
"Tustin, California, United States",US
United States,US
University of Southern California,US
"Vail, Colorado, United States",US
"Vancouver, Washington, United States",US
Washington DC-Baltimore Area,US
"Washington DC-Baltimore Area , United States",US
"Washington DC-Baltimore Area, United States",US
"Washington, District of Columbia, United States",US
"West Chester, Pennsylvania, United States",US
"West Chicago, Illinois, United States",US
"West Palm Beach, Florida, United States",US
"Westerville, Ohio, United States",US
"Whitestown, Indiana, United States",US
"Neenah, Wisconsin, United States",US
Puerto Rico,US
"Lafayette, Louisiana, United States",US
"Pennington, New Jersey, United States",US
"Columbus, Ohio, United States",US
"Houston, Texas, United States",US
"Newport, Rhode Island, United States",US
Las Vegas Metropolitan Area,US
"Costa Mesa, California, United States",US
"Midland, Michigan, United States",US
"Kalamazoo, Michigan, United States",US
"Moraga, California, United States",US
Greater Houston,US
"Jacksonville, Florida, United States",US
"Charleston, Illinois, United States",US
"North Foxborough, Massachusetts, United States",US
"West Hollywood, California, United States",US
"Ridgefield, Washington, United States",US
"Windermere, Florida, United States",US
"Austin, TX",US
Banks,US
"Lakeland, Florida",US
San Francisco,US
Los Angeles,US
Denver,US
US,US
Boston,US
"East Meadow, New York",US
"Washington, D.C.",US
"Newburyport, MA",US
"Salt Lake City, UT",US
"Phoenix, US Arizona",US
"Salt Lake City Metropolitan, Utah",US
"Cleveland, Ohio US",US
"Salt Lake City, Utah",US
"Miami, FL",US
Austin,US
USA,US
NYC,US
Florida,US
LA,US
"Columbus, Indiana, United States",US
"Delray Beach, Florida, United States",US
Greater Indianapolis,US
"Santa Fe, New Mexico, United States",US
"Santa Cruz, California, United States",US
"Gainesville, Florida, United States",US
"Callahan, Florida, United States",US
"Red Bud, Illinois, United States",US
"Los Gatos, California, United States",US
"Alpine, Utah, United",US
Cincinnati Metropolitan Area,US
"Huntsville, Alabama, United States",US
"Waco, Texas, United States",US
"Columbia, Maryland, United States",US
"Herndon, Virginia, United States",US
Salt Lake City Metropolitan Area,US
"Healdsburg, California, United States",US
Baton Rouge Metropolitan Area,US
"Cincinnati, Ohio, United States",US
"Arlington, Texas, United States",US
"DeWitt, Michigan, United States",US
"Salt Lake City, Utah, United States",US
"Kent, Washington, United States",US
"Pacifica, California, United States",US
San Diego Metropolitan Area,US
"Farmington, Connecticut, United States",US
Grand Rapids Metropolitan Area,US
"Fremont, California, United States",US
"Oceanside, California, United States",US
Nashville Metropolitan Area,US
"Redmond, Washington, United States",US
"New York, New York, United State",US
"Chandler, Arizona, United States",US
"Scottsdale, AZ",US
"Atlanta, GA",US
"Jacksonville, Florida",US
"Westport, CT",US
"Raleigh, North Carolina",US
"Chicago, IL",US
"Los Angeles, California",US
"Bentonville, Arkansas, United States",US
"Kirkland, Washington, United States",US
"Naples, Florida, United States",US
"Arlington, Virginia, United States",US
"Wilmington, Delaware, United States",US
"Southern Pines, North Carolina, United States",US
"Asheville, North Carolina, United States",US
Greater Lansing,US
"Canandaigua, New York, United States",US
"Portsmouth, New Hampshire, United States",US
"Columbus, Ohio Metropolitan Area",US
"Lehi, Utah, United States",US
"Alpharetta, Georgia, United States",US
"East Lansing, Michigan, United States",US
"Haverhill, Massachusetts, United States",US
"Folsom, California, United States",US
"Berea, Ohio, United States",US
"Springfield, Illinois Metropolitan Area",US
"Orange, California, United States",US
"Redwood City, California, United States",US
"Bala-Cynwyd, Pennsylvania, United States",US
"Port Washington, New York, United States",US
"Eagle, Idaho, United States",US
"Wellington, Florida, United States",US
"Howell, New Jersey, United States",US
"San Rafael, California, United States",US
Detroit Metropolitan Area,US
"Mableton, Georgia, United States",US
"Lilyfield, New South Wales, Australia",US
"Lincoln, New Hampshire, United States",US
"Chantilly, Virginia, United States",US
"Greenwood, Indiana, United States",US
"Stanford, California, United States",US
"Lexington, South Carolina, United States",US
"Issaquah, Washington, United States",US
"Jacksonville, North Carolina, United States",US
"Long Beach, California, United States",US
"Greensboro, North Carolina, United States",US
"Carrboro, North Carolina, United States",US
"Kanab, Utah, United States",US
"Mills River, North Carolina, United States",US
"Princeton, New Jersey, United States",US
"Santa Clara, California, United States",US
"Greenlawn, New York, United States",US
"San Ramon, California, United States",US
"Flagstaff, Arizona, United States",US
"Randolph, New Jersey, United States",US
"Tulsa, Oklahoma, United States",US
"Wesley Chapel, Florida, United States",US
"Roseland, New Jersey, United States",US
"Edgewater, New Jersey, United States",US
"Sparta, New Jersey, United States",US
"Wimberley, Texas, United States",US
"Layton, Utah, United States",US
"Stamford, Connecticut, United States",US
Greater Minneapolis-St. Paul Area,US
"St Louis, Missouri, United States",US
"Marblehead, Massachusetts, United States",US
"Boulder, Colorado, United States",US
"Atherton, California, United States",US
"Haymarket, Virginia, United States",US
"Keller, Texas, United States",US
"Aurora, Colorado, United States",US
"Charleston County, South Carolina, United States",US
"West Bend, Wisconsin, United States",US
"Waldorf, Maryland, United States",US
"Tucson, Arizona, United States",US
"Lafayette, Colorado, United States",US
"Cary, North Carolina, United States",US
"Post Falls, Idaho, United States",US
"Park City, Utah, United States",US
"Mountain View, California, United States",US
"Richmond, Kentucky, United States",US
"Marlborough, Massachusetts, United States",US
"Burlington, Massachusetts, United States",US
"Brecksville, Ohio, United States",US
"Kansas City, Missouri, United States",US
"Oklahoma City, Oklahoma, United States",US
"Marion, Indiana, United States",US
"Davis, California, United States",US
"Swampscott, Massachusetts, United States",US
"Madison, Wisconsin, United States",US
Greater Phoenix Area,US
"Milwaukee, Wisconsin, United States",US
"Mesa, Arizona, United States",US
"Orem, Utah, United States",US
Greater Scranton Area,US
"Castle Rock, Colorado, United States",US
"Brookline, Massachusetts, United States",US
"Sunnyvale, California, United States",US
"Peachtree City, Georgia, United States",US
"Westlake, Ohio, United States",US
"Anaheim, California, United States",US
"Mount Pleasant, South Carolina, United States",US
"Granite Bay, California, United States",US
"Salt Lake City, Utah, United State",US
"Fairfax, California, United States",US
"New Smyrna Beach, Florida, United States",US
"Schwechat, Lower Austria, Austria",US
"Alpine, Utah, United States",US
"Massachusetts, United States",US
"Thomson, Georgia, United States",US
"New Ipswich, New Hampshire, United States",US
"Falmouth, Maine, United States",US
Greater Sacramento,US
Kansas City Metropolitan Area,US
"Lake Forest, Illinois, United States",US
"Meridian, Idaho, United States",US
"Littleton, Colorado, United States",US
"Salem, New Hampshire, United States",US
"East Greenwich, Rhode Island, United States",US
"Durham, North Carolina, United States",US
"Vienna, Virginia, United States",US
"Lebanon, New Jersey, United States",US
"Leesburg, Virginia, United States",US
"Mount Sterling, Kentucky, United States",US
"Maryville, Tennessee, United States",US
"Pocahontas, Arkansas, United States",US
"Huntington, New York, United States",US
"Sioux Falls, South Dakota, United States",US
"Fort Worth, Texas, United States",US
"Tempe, Arizona, United States",US
"Tuckahoe, New York, United States",US
"Kailua-Kona, Hawaii, United States",US
Knoxville Metropolitan Area,US
"San Tan Valley, Arizona, United States",US
"Shrewsbury, Massachusetts, United States",US
"Beverly Hills, California, United States",US
Washington D.C. ,US
"Boise, Idaho",US
"Chandler, Arizona",US
"Springfield, MO",US
"Reno, NV",US
Dallas,US
New York,US
"Boston, MA",US
"Santa Barbara, CA",US
"Rochester, NY",US
"Houston, TX",US
"Yardley, PA",US
"Omaha, Nebraska",US
"Tampa, FL",US
"New York, NY",US
WASHINGTON DC,US
"Denver, CO",US
Eagle Idah,US
"Greater Seattle Area, Washington",US
Chicago,US
"Los Angeles, CA, USA",US
"Philadelphia, PA, USA",US
"Raleigh, NC",US
"Atlanta, HGA",US
Milwaukee WI ,US
"San Fransisco, CA, USA",US
"Austin, Texas",US
"Brooklyn, NY",US
New York City,US
"Yonkers, NY ",US
"Florence, South Carolina, United States",US
"Buzzards Bay, Massachusetts, United States",US
Raleigh-Durham-Chapel Hill Area ,US
"Owego, New York, United States",US
"Plano, Texas, United States",US
"Cedar Rapids, Iowa, United States",US
"Fontana, California, United States",US
"West Des Moines, Iowa, United States",US
"Reston, Virginia, United States",US
"Providence, Rhode Island, United States",US
"Middletown, Delaware, United States",US
"Laguna Hills, California, United States",US
"Melville, New York, United States",US
"Wynnewood, Pennsylvania, United States",US
"Camden, South Carolina, United States",US
"San Francisco, California, United States ",US
Los Angeles Metropolitan Area ,US
"Glen Burnie, Maryland, United States",US
"Jacksboro, Texas, United States",US
"Los Altos, California, United States",US
"Rochester, Michigan, United States",US
"Rochester, New York Metropolitan Area",US
"Conifer, Colorado, United States",US
"Ponte Vedra Beach, Florida, United States",US
"Kihei, Hawaii, United States",US
"Cherry Hill, New Jersey, United States",US
Harrisonburg-Staunton-Waynesboro Area,US
"Snohomish, Washington, United States",US
"Washington, District of Columbia, United States ",US
"Louisville, Kentucky, United States",US
"Alexandria, Virginia, United States",US
"Austin, Texas, United States ",US
"Lewes, Delaware, United States",US
"New York, New York, United States ",US
"Clovis, California, United States",US
"Jupiter, Florida, United States",US
"Lakewood, New Jersey, United States",US
"Rockland, Maine, United States",US
"Duncan, Oklahoma, United States",US
"Virginia Beach, Virginia, United States",US
"Eureka, Missouri, United States",US
"Bronx, New York, United States",US
"Essex Junction, Vermont, United States",US
"Evanston, Illinois, United States",US
Charlotte Metro,US
"Dixon, Illinois, United States",US
"Irvine, California, United States",US
"Fort Lauderdale, Florida, United States",US
"Renton, Washington, United States",US
"Provo, Utah, United States",US
"Oswego County, New York, United States",US
"Saratoga, California, United States",US
"Elkhorn, Wisconsin, United States",US
"Newark, New Jersey, United States",US
"Gonzales, Louisiana, United States",US
"Winter Park, Florida, United States",US
"Terre Haute, Indiana, United States",US
"Andover, New Jersey, United States",US
"Silver Springs, Florida, United States",US
"Fallston, Maryland, United States",US
"Wellesley, Massachusetts, United States",US
"Fairfax, Virginia, United States",US
"Buford, Georgia, United States",US
"McLean, Virginia, United States",US
"Middlesex, New Jersey, United States",US
"Sterling, Virginia, United States",US
"Baltimore, Maryland, United States",US
"Myrtle Beach, South Carolina, United States",US
"Joliet, Illinois, United States",US
"Redlands, California, United States",US
"Hornell, New York, United States",US
"Brentwood, Tennessee, United States",US
"Owings Mills, Maryland, United States",US
Greater Cleveland,US
"Eastsound, Washington, United States",US
"Winter Garden, Florida, United States",US
"Pinehurst, North Carolina, United States",US
New York City Metropolitan Area ,US
"Fullerton, California, United States",US
"Portland, Maine, United States",US
"Traverse City, Michigan, United States",US
"Boynton Beach, Florida, United States",US
"Beaumont, Texas, United States",US
Metro Jacksonville,US
"San Diego County, California, United States",US
"Mars, Pennsylvania, United States",US
"South Burlington, Vermont, United States",US
"Lansing, Michigan, United States",US
"Temecula, California, United States",US
"Jersey City, New Jersey, United States",US
"Idaho Falls, Idaho, United States",US
"Franklin, Michigan, United States",US
"Manvel, Texas, United States",US
"Sedona, Arizona, United States",US
"Merrick, New York, United States",US
"Escondido, California, United States",US
"Spring Valley, California, United States",US
"Marlboro, New Jersey, United States",US
"Grosse Pointe, Michigan, United States",US
"Wichita, Kansas, United States",US
"Huntington Beach, California, United States",US
Greater Asheville,US
Greater Milwaukee,US
"Bakersfield, California, United States",US
"Kennewick, Washington, United States",US
"Carlsbad, California, United States",US
"Three Forks, Montana, United States",US
"Grand Forks, North Dakota, United States",US
Greater Chattanooga,US
"Key Biscayne, Florida, United States",US
"South Jordan, Utah, United States",US
"Berkeley, California, United States",US
"Fayetteville, North Carolina Metropolitan Area",US
"Henrico, Virginia, United States",US
Greater Charlottesville Area,US
"Rochester, New York, United States",US
"Miami Beach, Florida, United States ",US
"Wichita, Kansas Metropolitan Area",US
"Springfield, Missouri, United States",US
"Galena, Illinois, United States",US
Tulsa Metropolitan Area,US
"Corte Madera, California, United States",US
"Athens, Georgia, United States",US
Greensboro--Winston-Salem--High Point Area,US
Greater Colorado Springs Area,US
"Little Rock, Arkansas, United States",US
San Francisco Bay Area ,US
"Lafayette, California, United States",US
"Oak Lawn, Illinois, United States",US
"Chico, California, United States",US
"Rolla, Missouri, United States",US
"St Petersburg, Florida, United States",US
"Portola Valley, California, United States",US
"San Antonio, Texas Metropolitan Area",US
"Sugar Land, Texas, United States",US
"Malibu, California, United States",US
"Haleiwa, Hawaii, United States",US
"Bowie, Maryland, United States",US
"Decatur, Georgia, United States",US
"Gilroy, California, United States",US
"Tomball, Texas, United States",US
South Bend-Mishawaka Region,US
"Ballwin, Missouri, United States",US
"San Francisco, Bay Area",US
"University Park, Pennsylvania, United States",US
"Whitefish, Montana, United States",US
"Manhattan Beach, California, United States",US
Washington DC-Baltimore Area ,US
"Saint Johns, Florida, United States",US
"Cupertino, California, United States",US
"Bethesda, Maryland, United States",US
"Huntington Station, New York, United States",US
"Naperville, Illinois, United States",US
"White Plains, New York, United States",US
"Simi Valley, California, United States",US
"Argyle, Texas, United States",US
"La Mirada, California, United States",US
"Smithfield, Utah, United States",US
Dallas-Fort Worth Metroplex ,US
"Lexington, Kentucky, United States",US
"San Diego, TX, USA",US
"Ascot, England, United Kingdom",UK
"Birmingham, England, United Kingdom",UK
"Bournemouth, England, United Kingdom",UK
"Bracknell, England, United Kingdom",UK
"Bristol, England, United Kingdom",UK
"Cambridge, England, United Kingdom",UK
"Camden Town, England, United Kingdom",UK
"Cannock, England, United Kingdom",UK
"Cardiff, Wales, United Kingdom",UK
"Chelmsford, England, United Kingdom",UK
"Cheltenham, England, United Kingdom",UK
"Chester, England, United Kingdom",UK
"Chichester, England, United Kingdom",UK
"Coventry, England, United Kingdom",UK
"Dartford, England, United Kingdom",UK
"Derby, England, United Kingdom",UK
"Edinburgh, Scotland, United Kingdom",UK
"Elm, England, United Kingdom",UK
"Enfield, England, United Kingdom",UK
"Fareham, England, United Kingdom",UK
"Foulridge, England, United Kingdom",UK
"Glasgow, Scotland, United Kingdom",UK
"Great Hatfield, England, United Kingdom",UK
Greater Glasgow Area,UK
Greater Leeds Area,UK
"Greater Leicester Area, United Kingdom",UK
Greater Liverpool Area,UK
"Greater London, England, United Kingdom",UK
"Greater Manchester, England, United Kingdom",UK
"Greater Norwich Area, United Kingdom",UK
Greater Oxford Are,UK
Greater Oxford Area,UK
Greater Portsmouth Area,UK
"Greater Stockholm Metropolitan Area, United Kingdom",UK
"Hale, England, United Kingdom",UK
"Hessle, England, United Kingdom",UK
"Ivybridge, England, United Kingdom",UK
"Kingston upon Hull, England Metropolitan Area",UK
"Leeds, England, United Kingdom",UK
"Leicester, England, United Kingdom",UK
"Lichfield, England, United Kingdom",UK
"Lincolnshire, England, United Kingdom",UK
"Little Harrowden, England, United Kingdom",UK
"Liverpool, England, United Kingdom",UK
"London Area, United Kingdom",UK
"London, England, United Kingdom",UK
"London, UK",UK
"London, United Kingdom",UK
"Manchester Area, United Kingdom",UK
"Manchester, England, United Kingdom",UK
"Margate, England, United Kingdom",UK
"Milton Keynes, England, United Kingdom",UK
"Newbury, England, United Kingdom",UK
"Norton, England, United Kingdom",UK
"Nottingham, England, United Kingdom",UK
"Oxford, England, United Kingdom",UK
"Penarth, Wales, United Kingdom",UK
"Richmond, England, United Kingdom",UK
"Royal Leamington Spa, England, United Kingdom",UK
"Shrewsbury, England, United Kingdom",UK
"Slough, England, United Kingdom",UK
United Kingdom,UK
"Wallsend, England, United Kingdom",UK
"Wandsworth, England, United Kingdom",UK
"Warrington, England, United Kingdom",UK
"Worsley, England, United Kingdom",UK
"Wymondham, England, United Kingdom",UK
"Yeovil, England, United Kingdom",UK
Cotswolds,UK
United Kingdom ,UK
New Hampshire,UK
Greater Edinburgh Area,UK
"St Helens, England, United Kingdom",UK
"Northampton, England, United Kingdom",UK
"Hedge End, England, United Kingdom",UK
"Haywards Heath, England, United Kingdom",UK
"Towcester, England, United Kingdom",UK
"Dartmouth, England, United Kingdom",UK
"Kingsclere, England, United Kingdom",UK
"Cirencester, England, United Kingdom",UK
Greater Dublin,UK
"Stockport, England, United Kingdom",UK
"Marlborough, England, United Kingdom",UK
"West Midlands, England, United Kingdom",UK
"Braunton, England, United Kingdom",UK
"Lisburn, Northern Ireland, United Kingdom",UK
Tyneside Area,UK
"Sandhurst, England, United Kingdom",UK
"Truro, England, United Kingdom",UK
"Burnley, England, United Kingdom",UK
"Wokingham, England, United Kingdom",UK
"London Area, United Kingdom q",UK
Greater Exeter Area,UK
"Wilmslow, England, United Kingdom",UK
"Cheshunt, England, United Kingdom",UK
"St Albans, England, United Kingdom",UK
"Greater Bristol Area, United Kingdom",UK
Greater Cheshire West and Chester Area,UK
London,UK
UK,UK
"Mexico City, Mexico",Mexico
Mexico City / NYC,Mexico
"Miguel Hidalgo, Mexico City, Mexico",Mexico
Mexico,Mexico
"Antigua Guatemala, Sacatepéquez, Guatemala",LatAm
"Port of Spain, Trinidad and Tobago",LatAm
"São Paulo, Brazil",LatAm
"Rio de Janeiro, Brazil.",LatAm
Trinidad and Tobago,LatAm
"Rio de Janeiro, Rio de Janeiro, Brazil",LatAm
"Belmopan, Belize",LatAm
"Jundiaí, São Paulo, Brazil",LatAm
Argentina,LatAm
"Curitiba, Paraná, Brazil",LatAm
Buenos Aires Argentina,LatAm
"Amsterdam, North Holland, Netherlands",Europe
"Amsterdam, North Hollaned, Netherlands",Europe
"Antwerp, Flemish Region, Belgium",Europe
"Barcelona, Catalonia, Spain",Europe
Belfast Metropolitan Area,Europe
Belgium,Europe
"Belgrade, Serbia",Europe
Berlin Metropolitan Area,Europe
"Bolzano, Trentino-Alto Adige, Italy",Europe
Bosnia and Herzegovina,Europe
"Eindhoven, North Brabant, Netherlands",Europe
"Frankfurt, Hesse, Germany",Europe
Greater Paris Metropolitan Region,Europe
"Greater Valencia Metropolitan Area, Spain",Europe
"Hamburg, Hamburg, Germany",Europe
Ireland,Europe
"Kreuzlingen, Thurgau, Switzerland",Europe
"Madrid, Community of Madrid, Spain",Europe
"Oldenburg, Lower Saxony, Germany",Europe
"Paris, Île-de-France, France",Europe
Porto Metropolitan Area,Europe
"Porto, Porto, Portugal",Europe
"Sarajevo, Federation of Bosnia and Herzegovina, Bosnia and Herzegovina",Europe
"Stockholm, Stockholm County, Sweden",Europe
Stuttgart Region,Europe
"Stuttgart, Baden-Württemberg, Germany",Europe
"Tallinn, Harjumaa, Estonia",Europe
"The Randstad, Netherlands",Europe
"Vilnius, Vilnius, Lithuania",Europe
Wroclaw Metropolitan Area,Europe
Zagreb Metropolitan Area,Europe
"Zurich, Zurich, Switzerland",Europe
Denmark,Europe
"Gothenburg, Sweden",Europe
"Helsinki, Finland",Europe
Helsinki,Europe
Barcelona,Europe
Paris,Europe
Madrid,Europe
Romania,Europe
"Gibraltar, Gibraltar",Europe
Greater Stockholm Metropolitan Area,Europe
Budapest Metropolitan Area,Europe
Amsterdam Area,Europe
France,Europe
Netherlands,Europe
"Zurich, Switzerland",Europe
Germany,Europe
"Toulouse, Occitanie, France",Europe
Spain,Europe
"Dublin, County Dublin, Ireland",Europe
"Brno, South Moravia, Czechia",Europe
"Barcelona, Catalonia",Europe
"Berlin, Germany",Europe
"Cologne, North Rhine-Westphalia, Germany",Europe
"Brussels, Brussels Region, Belgium",Europe
"Măciuca, Vâlcea, Romania",Europe
"Utrecht, Utrecht, Netherlands",Europe
Finland,Europe
Greater Hamburg Area,Europe
Basel Metropolitan Area,Europe
Luxembourg,Europe
Brussels Metropolitan Area,Europe
"Berlin, Berlin, Germany",Europe
Norway,Europe
Greater Wurzburg Area,Europe
"Munich, Bavaria, Germany",Europe
Lisbon Metropolitan Area,Europe
"Ternopil, Ternopil, Ukraine",Europe
"Heidenheim an der Brenz, Baden-Württemberg, Germany",Europe
"Prague, Czechia",Europe
"Naples, Campania, Italy",Europe
Ukraine,Europe
Greater Bordeaux Metropolitan Area,Europe
"Diest, Flemish Region, Belgium",Europe
"Milan, Lombardy, Italy",Europe
Cork Metropolitan Area,Europe
"Rorschacherberg, St Gallen, Switzerland",Europe
Greater Málaga Metropolitan Area,Europe
"Keenagh Beg, County Mayo, Ireland",Europe
"Hengelo, Overijssel, Netherlands",Europe
"Rotterdam, South Holland, Netherlands",Europe
"Vienna, Vienna, Austria",Europe
"Aalter, Flemish Region, Belgium",Europe
"Valkenswaard, North Brabant, Netherlands",Europe
"Adliswil, Zurich, Switzerland",Europe
"Sofia, Sofia City, Bulgaria",Europe
"Zug, Zug, Switzerland",Europe
"Porto, Portugal",Europe
"Dublin, Ireland",Europe
Portugal,Europe
"Valencia, Valencian Community, Spain",Europe
EMEA,Europe
Warsaw,Europe
"Calgary, Alberta, Canada",Canada
Canada,Canada
"Greater Halifax Metropolitan Area, Canada",Canada
"Greater Toronto Area, Canada",Canada
Greater Vancouver Metropolitan Area,Canada
"Halifax, Nova Scotia, Canada",Canada
"Kelowna, British Columbia, Canada",Canada
"London, Ontario, Canada",Canada
"Toronto, Ontario, Canada",Canada
"Vancouver, British Columbia, Canada",Canada
"Victoria, British Columbia, Canada",Canada
"Burlington, Ontario, Canada",Canada
"Ottawa, Canada",Canada
"Montreal, Canada",Canada
Greater Montreal Metropolitan Area,Canada
"Ottawa, Ontario, Canada",Canada
Greater Calgary Metropolitan Area,Canada
"Montreal, Quebec, Canada",Canada
"Winnipeg, Manitoba, Canada",Canada
"Québec, Quebec, Canada",Canada
"North York, Ontario, Canada",Canada
Greater Ottawa Metropolitan Area,Canada
"Dartmouth, Nova Scotia, Canada",Canada
"Saint-Pie, Quebec, Canada",Canada
"Alberta, Canada",Canada
"Waterloo, Ontario, Canada",Canada
"Delta, British Columbia, Canada",Canada
"Hamilton, Ontario, Canada",Canada
Montreal | Canada,Canada
"Ottawa, ON",Canada
Toronto,Canada
"Vancouver,BC",Canada
Vancouver,Canada
Australia,Australia
"Dunsborough, Western Australia, Australia",Australia
"Greater Sydney Area, Austrralia",Australia
"Lavender Bay, New South Wales, Australia",Australia
"Melbourne, Victoria, Australia",Australia
New Zealand,Australia
"Sydney, New South Wales, Australia",Australia
"Brisbane, Australia",Australia
"Adelaide, South Australia",Australia
"Sydney, Australia",Australia
Greater Sydney Area,Australia
"Wellington, New Zealand",Australia
"Marleston, South Australia, Australia",Australia
"Brisbane, Queensland, Australia",Australia
Greater Brisbane Area,Australia
Greater Melbourne Area,Australia
"Ahmedabad, Gujarat, India",Asia
Bangkok Metropolitan Area,Asia
"Bangkok Metropolitan Area, Thailand",Asia
"Bengaluru, Karnataka, India",Asia
"Chennai, Tamil Nadu, India",Asia
"Delhi, India",Asia
"Doha, Qatar",Asia
"Dubai, United Arab Emirates",Asia
"Gurugram, Haryana, India",Asia
"Hyderabad, Telangana, India",Asia
India,Asia
"Indore, Madhya Pradesh, India",Asia
"Islāmābād, Pakistan",Asia
Israel,Asia
"Jaipur, Rajasthan, India",Asia
"Jeddah, Makkah, Saudi Arabia",Asia
"Karachi Division, Sindh, Pakistan",Asia
"Karāchi, Sindh, Pakistan",Asia
"Kerala, India",Asia
"Kishangarh, Rajasthan, India",Asia
"Kochi, Kerala, India",Asia
"Limassol, Cyprus",Asia
"Mumbai, Maharashtra, India",Asia
"New Delhi, Delhi, India",Asia
"Okinawa, Japan",Asia
Pakistan,Asia
"Patna, Bihar, India",Asia
"Phagwara, Punjab, India",Asia
"Phuket, Phuket, Thailand",Asia
"Pune, Maharashtra, India",Asia
"Punjab, Pakistan",Asia
"Raurkela, Odisha, India",Asia
Singapore,Asia
"Surat, Gujarat, India",Asia
"Tel Aviv District, Israel",Asia
"Tel Aviv-Yafo, Tel Aviv District, Israel",Asia
"Singapore, Singapore",Asia
"Tamil Nadu, India",Asia
Mumbai,Asia
"Bengaluru, India",Asia
Istanbul,Asia
"Bangalore, India",Asia
"New Delhi, Delhi, IND",Asia
"Satna, Madhya Pradesh, India",Asia
"Tokyo, Tokyo, Japan",Asia
"South Delhi, Delhi, India",Asia
United Arab Emirates,Asia
"Riyadh, Saudi Arabia",Asia
"Ko Samui, Surat Thani, Thailand",Asia
"Nakhon Pathom, Nakhon Pathom, Thailand",Asia
"Lucknow, Uttar Pradesh, India",Asia
Mumbai Metropolitan Region,Asia
"Shanghai, China",Asia
"Center District, Israel",Asia
Kuwait,Asia
Türkiye,Asia
Tel Aviv,Asia
Nepal,Asia
Philippines,Asia
Cebu City Philippines,Asia
"Benin City, Edo State, Nigeria",Africa
"Cape Town, Western Cape, South Africa",Africa
"Greater Accra Region, Ghana",Africa
"Lagos State, Nigeria",Africa
"Lagos, Lagos State, Nigeria",Africa
"Lekki, Lagos State, Nigeria",Africa
Mauritius,Africa
"Nairobi County, Kenya",Africa
Nigeria,Africa
"Rivers State, Nigeria",Africa
"Zaria, Kaduna State, Nigeria",Africa
Cape Town,Africa
Cape Town - South Africa,Africa
"Lagos, Nigeria ",Africa